{"name":"insurance-voice-bot","intents":[{"intent":"General_Ending","examples":[{"text":"I am out of here"},{"text":"I d like to stop doing this"},{"text":"I have got to go"},{"text":"End trial"},{"text":"Ending this session"},{"text":"Cya later"},{"text":"Catch you later"},{"text":"See you"},{"text":"Bye now"},{"text":"Bye bye"},{"text":"I'm done"},{"text":"Im done"},{"text":"Im good thank you"},{"text":"I'm leaving now"},{"text":"It was nice chatting with you"},{"text":"I want to quit"},{"text":"Ok goodbye"},{"text":"See you later"},{"text":"Shut up"},{"text":"Stop doing this"},{"text":"Stop talking to me"},{"text":"Thanks, bye!"},{"text":"Time to go"},{"text":"That's everything"},{"text":"That is all"},{"text":"Thank you for your time"},{"text":"Thanks very much, bye!"},{"text":"I am leaving"},{"text":"Finished now, good bye"},{"text":"Get lost"},{"text":"Go away"},{"text":"Going now"},{"text":"Goodbye"},{"text":"Good. bye."},{"text":"Go off"},{"text":"Have a nice day?"},{"text":"Hey bot go away"}],"description":"End the conversation."},{"intent":"General_Greetings","examples":[{"text":"Have you been well?"},{"text":"Good day"},{"text":"Good evening"},{"text":"Good morning"},{"text":"Greetings"},{"text":"Hello Agent"},{"text":"Hello"},{"text":"Hello I am looking for some help here"},{"text":"Hey how are you doing"},{"text":"Hey there all"},{"text":"Hey there"},{"text":"Hey twin"},{"text":"Hey you"},{"text":"Hi advisor"},{"text":"Hi there"},{"text":"How are things going?"},{"text":"How are you today?"},{"text":"How have you been?"},{"text":"How is it going?"},{"text":"How r u?"},{"text":"Looking good eve"},{"text":"Ok take me back"},{"text":"What's new?"},{"text":"What's up?"},{"text":"Who is this?"},{"text":"You there"},{"text":"Good to see you"}],"description":"Greet the bot."},{"intent":"General_Negative_Feedback","examples":[{"text":"I hate this!"},{"text":"I hate you"},{"text":"It is annoying"},{"text":"Quit annoying me"},{"text":"Robots are boring"},{"text":"Robots are stupid"},{"text":"Stupid"},{"text":"Why are you so annoying?"},{"text":"You are having delusions"},{"text":"You are on my nerves"},{"text":"You are very frustrating"},{"text":"You do not seem smart"},{"text":"You're really frustrating"},{"text":"You're really irritating"},{"text":"You're too stupid"},{"text":"I do not like you"},{"text":"Hate you"},{"text":"Everyone hates you"},{"text":"Do not like you?"},{"text":"Why are you stupid?"}],"description":"Express unfavorable feedback."},{"intent":"onward_travel","examples":[{"text":"*Next I will go to *"},{"text":"*I will further travel to *"},{"text":"*yes to *"},{"text":"*I will go to*"},{"text":"*My onward journey is for *"},{"text":"*I will return to *"}],"description":null},{"intent":"General_Human_or_Bot","examples":[{"text":"Are you human?"},{"text":"Are you even real?"},{"text":"Are you a robot?"},{"text":"Are you a human or a bot?"},{"text":"Am I talking to Watson?"},{"text":"Am I talking to a Bot?"},{"text":"Am I talking to a person or am I talking to an AI?"},{"text":"Is this a computer?"},{"text":"Tell me, are you a human or no?"},{"text":"How can you prove you are a human?"},{"text":"Am I chatting with a human?"},{"text":"Are you real?"}],"description":"Ask if speaking to a human or a bot."},{"intent":"company_details","examples":[{"text":"ranking"},{"text":"AUM"},{"text":"claim settlement ratio"},{"text":"claims settled"},{"text":"What is the ranking of Apollo?"},{"text":"What is the last year turnover for Apollo Munich"},{"text":"claims settlement ratio"},{"text":"company capability"},{"text":"Name of Regulatory body for insurance"},{"text":"Overview"},{"text":"Apollo Munich"}],"description":null},{"intent":"Insurance_Policy_Inquiry","examples":[{"text":"Coverage limit inquiry"},{"text":"Does my dental filling coverage require me to pay up first before it takes effect?"},{"text":"Does my patient record get factored into the cost?"},{"text":"Do you apply deductions on each product?"},{"text":"How much does emergency roadside cost?"},{"text":"Is personal injury protection costly?"},{"text":"Is there any way to know the travel theft can be covered under my running policy?"},{"text":"I want to know theft of personal belongs during travel are covered under my current policy"},{"text":"So what services are not a part of personal liability policy?"},{"text":"What amount I have to pay if I get a business income coverage?"},{"text":"What are the exclusions in my personal liability insurance?"},{"text":"What are the sub limits?"},{"text":"What is the cost of health coverage?"},{"text":"Tell me more about increasing income protection"},{"text":"What is Fixed income protection"},{"text":"What is Basic Life Cover"},{"text":"What is max allowance on hospital room visit?"},{"text":"Am I covered for disability?"},{"text":"Are pre-existing conditions covered?"},{"text":"Can I be compensated for all the loss?"},{"text":"Why is this feature so expensive?"},{"text":"Why are ambulance charges not considered?"},{"text":"Can you share a list of policy related exclusion?"}],"description":"Request information about a policy."},{"intent":"reply_details","examples":[{"text":"* call me *"},{"text":"i am *"},{"text":"i am called *"},{"text":"i am planning *"},{"text":"I am planning to travel *"},{"text":"it is *"},{"text":"I am travelling *"},{"text":"it's *"},{"text":"its *"},{"text":"with *"},{"text":"my plan is *"},{"text":"my name is *"},{"text":"my age is *"},{"text":"* years"},{"text":"* years old"},{"text":"yes"}],"description":null},{"intent":"comeback","examples":[{"text":"* no further plan*"},{"text":"* I will return*"},{"text":"come back *"},{"text":"*return back*"},{"text":"* I have no plan for further journey*"},{"text":"Not now"},{"text":"* comeback *"},{"text":"No, i have no such plans"},{"text":"return *"}],"description":null},{"intent":"Insurance_View_Policy","examples":[{"text":"Pull up my policy please"},{"text":"Read contract"},{"text":"What is the start date of insurance?"},{"text":"Show policy"},{"text":"Tell me everything is covered"},{"text":"Terms and conditions info."},{"text":"What's in my plan?"},{"text":"What is the expiration date of my health insurance?"},{"text":"Where is the contract for insurance?"},{"text":"View policy"},{"text":"What is link to download insurance policy?"},{"text":"See contract"},{"text":"What's the full amount of things which the plan covers?"},{"text":"Can I view the details of the agreement?"},{"text":"Can you please show me my insurance policy?"},{"text":"How do I download the policy to see?"},{"text":"I want to look at policy terms."},{"text":"I would prefer to view the contents of the contract"},{"text":"List all risks"},{"text":"Please show me my policy"}],"description":"View the details of a policy."},{"intent":"Insurance_Get_Quote","examples":[{"text":"Can you share indicative rates for a car insurance policy?"},{"text":"Do you offer a policy which doesn't cost me a fortune?"},{"text":"How much does a life insurance policy cost?"},{"text":"How much should I pay for auto insurance policy?"},{"text":"I am interested in your most advanced policy."},{"text":"I don't know how to estimate cost of a policy"},{"text":"I'm thinking about getting insurance."},{"text":"I want to get my group insured. will you be able to tell me the cost of a group insurance policy"},{"text":"I would like a quote for firm protection"},{"text":"Please tell me the price that will be charged for insurance"},{"text":"Start policy quote"},{"text":"What are the charges for buying an insurance policy?"},{"text":"What is the cost for buying an agriculture insurance?"},{"text":"What is the most basic policy?"},{"text":"What's the lowest price for the insurance?"},{"text":"Would you be able to provide me a list of estimated price an auto insurance would cost?"},{"text":"Affordable auto insurance estimate"},{"text":"Can you help me out in evaluating the best price for buying a travel insurance?"},{"text":"Can I get cost estimation for my policy?"},{"text":"Compare your personal liability protection with others"}],"description":"Request a price estimate on a policy."},{"intent":"exiting","examples":[{"text":"thank you very much"},{"text":"thats it"},{"text":"bye"},{"text":"thank you"},{"text":"thanks"},{"text":"nothing else for now"},{"text":"nothing else"},{"text":"no thanks"}],"description":null},{"intent":"General_Positive_Feedback","examples":[{"text":"This is great"},{"text":"This is good"},{"text":"Thank you"},{"text":"Ok thank you"},{"text":"Love your work"},{"text":"I'm looking forward to working with you again! :)"},{"text":"I like what you did there! :)"},{"text":"How cool is this?"},{"text":"Can't believe you are that good"},{"text":"Brilliant!"},{"text":"You've been so helpful :)"},{"text":"You the man"},{"text":"You're a genius!"},{"text":"You gave me exactly what I need!"},{"text":"You are wonderful"},{"text":"You are the best"},{"text":"You are great"},{"text":"You are awesome"},{"text":"This is so cool"}],"description":"Express positive sentiment or gratitude."},{"intent":"General_Connect_to_Agent","examples":[{"text":"How can I skip the recorded menu and go straight to a live person?"},{"text":"Can I speak to an advisor?"},{"text":"Put me through to someone"},{"text":"Send me to an agent"},{"text":"Where is the closest agent?"},{"text":"Do not want a robot?"},{"text":"Customer service representative please."},{"text":"Yes, take me to a real person"},{"text":"Could you please transfer me to your master?"},{"text":"Contact person"},{"text":"Connect me to a live operator please."},{"text":"Can you connect me with a real person?"},{"text":"Can I speak with somebody?"},{"text":"Can I talk to someone?"},{"text":"Can you assist me to connect to an agent?"},{"text":"Can I speak to a human please?"},{"text":"Operator please"},{"text":"Please assist me to get to an agent"},{"text":"Please connect me to a live agent"},{"text":"Please let me talk to a human being."},{"text":"Pls connect"},{"text":"I want agent"},{"text":"I want a manager"},{"text":"I want an agent to help me"},{"text":"I want to talk to a person"},{"text":"I would like to speak to a human"},{"text":"I would like to speak to someone"},{"text":"Need help from human"},{"text":"I don't want to talk to a bot."},{"text":"I don't want to talk to you"},{"text":"I need to speak to a representative. How would I go about doing so?"},{"text":"Is there anyone there I can actually talk to for real?"},{"text":"Agent help"},{"text":"A real agent, please."},{"text":"Call agent"},{"text":"Hi can you transfer me"},{"text":"Can I connect to an agent?"},{"text":"Can I speak to a live person?"}],"description":"Request a human agent."},{"intent":"term_insurance","examples":[{"text":"how can I get a travel insurance"},{"text":"what is term insurance"},{"text":"* travel insurance *"},{"text":"insurance"},{"text":"I want a quote for insurance"},{"text":"* term insurance *"},{"text":"looking for a travel insurance"},{"text":"i want a travel insurance"},{"text":"i want a travelinsurance"},{"text":"* insurance for travel *"},{"text":"I am looking for a travel insurance"},{"text":"can I get a travel insurance"}],"description":null},{"intent":"EMI","examples":[{"text":"How much EMI should I pay?"},{"text":"What does the EMI come upto?"},{"text":"What is the EMI for this plan?"}],"description":null},{"intent":"welcome_greetings","examples":[{"text":"hello"},{"text":"Hi!"},{"text":"gm"},{"text":"good evening"},{"text":"Hi *"},{"text":"good afternoon"},{"text":"Hello!"},{"text":"gn"},{"text":"good morning"},{"text":"good night"}],"description":null},{"intent":"depart_greetings","examples":[{"text":"thanks a lot"},{"text":"bye"},{"text":"awesome"},{"text":"tc"},{"text":"Thanks"},{"text":"Thank you"},{"text":"take care"},{"text":"no"},{"text":"nice"},{"text":"later"},{"text":"good night"},{"text":"cool"},{"text":"I will get back to you later. Thank you"},{"text":"ok thanks. I will get back to you later"}],"description":null},{"intent":"General_About_You","examples":[{"text":"Describe your self"},{"text":"Why are you here?"},{"text":"Who are you?"},{"text":"Where were you born?"},{"text":"Where are you from?"},{"text":"What should I know about you?"},{"text":"How do you function?"},{"text":"What's your name?"},{"text":"Can I use another language?"},{"text":"About you"},{"text":"Introduce your self"},{"text":"I want to set up the chat bot for my shop"},{"text":"Let us talk about you"},{"text":"Tell me about your life"},{"text":"Tell me something about yourself"},{"text":"What languages do you speak?"},{"text":"How old are you?"},{"text":"How can I configure you?"},{"text":"Do you know who you are?"},{"text":"Do you have a name?"}],"description":"Request generic personal attributes."},{"intent":"General_Agent_Capabilities","examples":[{"text":"What can I ask you to do?"},{"text":"What do you do?"},{"text":"What do you handle?"},{"text":"What else can you help me with?"},{"text":"What features are in here?"},{"text":"What is this 4?"},{"text":"What are your skills?"},{"text":"What kinds of things can you do?"},{"text":"Where can I find the frequently asked questions?"},{"text":"What are my options?"},{"text":"What are you able to deal with?"},{"text":"What are my options that you can help with?"},{"text":"Help now"},{"text":"Do you have a list of things I can talk to you about?"},{"text":"Can you tell me what services you are able to help me with?"},{"text":"Can you please give me a list of the types of things you can help me with?"},{"text":"How can I use you?"},{"text":"Hi, what do you do?"},{"text":"What are you good at?"},{"text":"What are you capable of?"},{"text":"What are you able to understand?"},{"text":"How can you help?"},{"text":"How can you help me?"},{"text":"How can you solve my problems?"},{"text":"How do I use you?"},{"text":"Tell me about what kind of things you do?"},{"text":"Is there anything you can help me with?"},{"text":"I do not know what to ask"},{"text":"I'd like to know what type of questions you can answer for me."},{"text":"Tell me something"},{"text":"What are you used for?"}],"description":"Request capabilities of the bot."}],"entities":[{"entity":"sys-date","values":[],"metadata":null,"description":null},{"entity":"EMI","values":[{"type":"synonyms","value":"emi","metadata":null,"synonyms":[]},{"type":"synonyms","value":"installment","metadata":null,"synonyms":[]}],"metadata":null,"description":null},{"entity":"thanks","values":[],"metadata":null,"description":null},{"entity":"protection_type","values":[{"type":"synonyms","value":"Increasin Income Protection","metadata":null,"synonyms":["Income Protection","Increasing Income"]},{"type":"synonyms","value":"basic life cover","metadata":null,"synonyms":["basic","life","basic life cover"]},{"type":"synonyms","value":"Fixed Income Protection","metadata":null,"synonyms":["Fixed income","Income Protection"]}],"metadata":null,"description":null},{"entity":"Response","values":[{"type":"synonyms","value":"Yes","metadata":null,"synonyms":["Alright","as you wish","Certainly","cool","Definitely","done","fine","goahead","go ahead","go on","of course","Ok","okay","okk","please","shoot","sure","y","ya","yaa","yea","yeah","yess","yes you can","yo","yup"]},{"type":"synonyms","value":"No","metadata":null,"synonyms":["I don't want to","is it required?","later","n","nah","Negative","never","NO","nope","nopes","no please","Not","nothing","not interested","not sure","please no"]}],"metadata":null,"description":null,"fuzzy_match":true},{"entity":"regulatory","values":[{"type":"synonyms","value":"regulatory body","metadata":null,"synonyms":["irdai compliant"]}],"metadata":null,"description":null},{"entity":"claims_settled","values":[{"type":"synonyms","value":"claims settled","metadata":null,"synonyms":["claim settled"]}],"metadata":null,"description":null},{"entity":"bye","values":[{"type":"synonyms","value":"bye","metadata":null,"synonyms":["ciao","have a good day","thank you"]}],"metadata":null,"description":null},{"entity":"ranking","values":[{"type":"synonyms","value":"ranking","metadata":null,"synonyms":["top","top ranking"]}],"metadata":null,"description":null},{"entity":"term","values":[{"type":"patterns","value":"term","metadata":null,"patterns":["\\d[10-35]","\\d[10-35] years"]}],"metadata":null,"description":null},{"entity":"sys-currency","values":[],"metadata":null,"description":null},{"entity":"turn_over","values":[{"type":"synonyms","value":"turnover","metadata":null,"synonyms":["turn over"]}],"metadata":null,"description":null},{"entity":"sys-person","values":[],"metadata":null,"description":null},{"entity":"gender","values":[{"type":"synonyms","value":"male","metadata":null,"synonyms":[]},{"type":"synonyms","value":"female","metadata":null,"synonyms":[]}],"metadata":null,"description":null},{"entity":"Plans","values":[{"type":"synonyms","value":"Increasing Income Protection","metadata":null,"synonyms":["Increasing income"]},{"type":"synonyms","value":"Protection Type","metadata":null,"synonyms":[]},{"type":"synonyms","value":"Fixed Income Protection","metadata":null,"synonyms":["Fixed Income","Fixed Protection"]},{"type":"synonyms","value":"Basic Life Cover","metadata":null,"synonyms":["basic life","basic cover","life cover"]}],"metadata":null,"description":null},{"entity":"details","values":[{"type":"synonyms","value":"what is","metadata":null,"synonyms":[]},{"type":"synonyms","value":"about","metadata":null,"synonyms":[]},{"type":"synonyms","value":"explain","metadata":null,"synonyms":[]}],"metadata":null,"description":null},{"entity":"claim_settlement_ratio","values":[{"type":"synonyms","value":"Claim Settlement Ratio","metadata":null,"synonyms":["claims settlement ration","csr"]},{"type":"synonyms","value":"settlement ratio","metadata":null,"synonyms":[]}],"metadata":null,"description":null},{"entity":"residing_country","values":[{"type":"synonyms","value":"India","metadata":null,"synonyms":["india"]}],"metadata":null,"description":null},{"entity":"Apply","values":[{"type":"synonyms","value":"Apply","metadata":null,"synonyms":["Buy","Take"]}],"metadata":null,"description":null},{"entity":"frequency","values":[{"type":"synonyms","value":"half yearly","metadata":null,"synonyms":[]},{"type":"synonyms","value":"quarterly","metadata":null,"synonyms":[]},{"type":"synonyms","value":"monthly","metadata":null,"synonyms":[]},{"type":"synonyms","value":"yearly","metadata":null,"synonyms":[]}],"metadata":null,"description":null,"fuzzy_match":true},{"entity":"insurance_company","values":[{"type":"synonyms","value":"Your company","metadata":null,"synonyms":[]},{"type":"synonyms","value":"this company","metadata":null,"synonyms":[]}],"metadata":null,"description":null},{"entity":"sys-number","values":[],"metadata":null,"description":null}],"language":"en","metadata":{"api_version":{"major_version":"v1","minor_version":"2017-05-26"},"runtime_version":null},"description":"This is the bot for the Code Pattern","dialog_nodes":[{"type":"standard","title":null,"output":{"text":{"values":["Our company is IRDAI compliant."],"selection_policy":"sequential"}},"parent":"node_10_1491402306628","context":null,"metadata":{},"next_step":null,"conditions":"@regulatory","description":null,"dialog_node":"node_16_1491404153556","previous_sibling":"node_14_1491403932459"},{"type":"standard","title":null,"output":{"text":{"values":["Claims settled by our company till date amounts to 2,576 crores."],"selection_policy":"sequential"}},"parent":"node_10_1491402306628","context":null,"metadata":null,"next_step":null,"conditions":"@claims_settled","description":null,"dialog_node":"node_13_1491403824529","previous_sibling":"node_12_1491403419350"},{"type":"standard","title":null,"output":{"text":{"values":["Our company ranks 5 as per IRDAI."],"selection_policy":"sequential"}},"parent":"node_10_1491402306628","context":null,"metadata":{},"next_step":null,"conditions":"@ranking","description":null,"dialog_node":"node_14_1491403932459","previous_sibling":"node_13_1491403824529"},{"type":"standard","title":null,"output":{"text":{"values":["The claims settlement ratio for our company is 95.6%"],"selection_policy":"sequential"}},"parent":"node_10_1491402306628","context":null,"metadata":null,"next_step":null,"conditions":"@claim_settlement_ratio","description":null,"dialog_node":"node_12_1491403419350","previous_sibling":null},{"type":"event_handler","title":null,"output":{},"parent":"slot_15_1529679100526","context":{"applicant_age":"@sys-date"},"metadata":{},"next_step":null,"conditions":"@sys-date","event_name":"input","description":null,"dialog_node":"handler_16_1529679100526","previous_sibling":"handler_17_1529679100526"},{"type":"event_handler","title":null,"output":{"text":{"values":["I will need your Date of Birth to proceed further"],"selection_policy":"sequential"}},"parent":"slot_15_1529679100526","context":null,"metadata":null,"next_step":null,"conditions":null,"event_name":"nomatch","description":null,"dialog_node":"handler_9_1529681088554","previous_sibling":"handler_16_1529679100526"},{"type":"event_handler","title":null,"output":{"text":"Please enter your Date of Birth"},"parent":"slot_15_1529679100526","context":null,"metadata":{},"next_step":null,"conditions":null,"event_name":"focus","description":null,"dialog_node":"handler_17_1529679100526","previous_sibling":null},{"type":"event_handler","title":null,"output":{},"parent":"slot_13_1529681413988","context":{"protection_type":"@Plans"},"metadata":{},"next_step":null,"conditions":"@Plans","event_name":"input","description":null,"dialog_node":"handler_14_1529681413988","previous_sibling":"handler_15_1529681413988"},{"type":"event_handler","title":null,"output":{"text":"Enter a protection type. Select one among Basic Life Cover, Fixed Income Protection or Increasing Income Protection."},"parent":"slot_13_1529681413988","context":null,"metadata":{},"next_step":null,"conditions":null,"event_name":"focus","description":null,"dialog_node":"handler_15_1529681413988","previous_sibling":null},{"type":"slot","title":null,"output":{},"parent":"node_6_1529676597774","context":null,"metadata":{},"variable":"$term_insurance","next_step":null,"conditions":null,"description":null,"dialog_node":"slot_7_1529676662396","previous_sibling":null},{"type":"standard","title":null,"output":{"text":{"values":["Is there anything else I can help you with?"],"selection_policy":"sequential"}},"parent":"node_2_1529675884884","context":null,"metadata":{},"next_step":null,"conditions":"@Response:No","description":null,"dialog_node":"node_4_1529676489982","previous_sibling":"node_3_1529676028916"},{"type":"frame","title":null,"output":{"text":{"values":["Do you smoke?"],"selection_policy":"sequential"}},"parent":"node_2_1529675884884","context":null,"metadata":{"fallback":"leave"},"next_step":null,"conditions":"#reply_details || @Response:Yes","description":null,"dialog_node":"node_3_1529676028916","digress_out":"allow_all","previous_sibling":null,"digress_out_slots":"allow_all"},{"type":"event_handler","title":null,"output":{"text":{"values":["I will need your annual income to proceed further"],"selection_policy":"sequential"}},"parent":"slot_18_1529679186670","context":null,"metadata":{},"next_step":null,"conditions":null,"event_name":"nomatch","description":null,"dialog_node":"handler_22_1529679235120","previous_sibling":"handler_19_1529679186670"},{"type":"event_handler","title":null,"output":{},"parent":"slot_18_1529679186670","context":{"annual_income":"@sys-currency"},"metadata":{},"next_step":null,"conditions":"@sys-currency","event_name":"input","description":null,"dialog_node":"handler_19_1529679186670","previous_sibling":"handler_20_1529679186670"},{"type":"event_handler","title":null,"output":{"text":"Your annual income?"},"parent":"slot_18_1529679186670","context":null,"metadata":{},"next_step":null,"conditions":null,"event_name":"focus","description":null,"dialog_node":"handler_20_1529679186670","previous_sibling":null},{"type":"event_handler","title":null,"output":{"text":"What premium payment frequency would you prefer? Monthly, Quarterly, Half Yearly or Yearly?"},"parent":"slot_3_1529730416496","context":null,"metadata":null,"next_step":null,"conditions":null,"event_name":"focus","description":null,"dialog_node":"handler_5_1529730416496","previous_sibling":"handler_4_1529730416496"},{"type":"event_handler","title":null,"output":null,"parent":"slot_3_1529730416496","context":{"frequency":"@frequency"},"metadata":null,"next_step":null,"conditions":"@frequency","event_name":"input","description":null,"dialog_node":"handler_4_1529730416496","previous_sibling":null},{"type":"event_handler","title":null,"output":{},"parent":"slot_12_1529679009178","context":{"applicant_name":"@sys-person"},"metadata":{},"next_step":null,"conditions":"@sys-person","event_name":"input","description":null,"dialog_node":"handler_13_1529679009178","previous_sibling":"handler_14_1529679009178"},{"type":"event_handler","title":null,"output":{"text":{"values":[],"selection_policy":"sequential"}},"parent":"slot_12_1529679009178","context":null,"metadata":{},"next_step":null,"conditions":null,"event_name":"nomatch","description":null,"dialog_node":"handler_7_1529681057302","previous_sibling":"handler_5_1529680821110"},{"type":"event_handler","title":null,"output":{"text":{"values":[],"selection_policy":"sequential"}},"parent":"slot_12_1529679009178","context":null,"metadata":{},"next_step":null,"conditions":null,"event_name":"filled","description":null,"dialog_node":"handler_5_1529680821110","previous_sibling":"handler_13_1529679009178"},{"type":"event_handler","title":null,"output":{"text":"Please enter your name"},"parent":"slot_12_1529679009178","context":null,"metadata":{},"next_step":null,"conditions":null,"event_name":"focus","description":null,"dialog_node":"handler_14_1529679009178","previous_sibling":null},{"type":"event_handler","title":null,"output":{},"parent":"slot_7_1529676662396","context":null,"metadata":null,"next_step":null,"conditions":null,"event_name":"focus","description":null,"dialog_node":"handler_9_1529676662396","previous_sibling":"handler_8_1529676662396"},{"type":"event_handler","title":null,"output":null,"parent":"slot_7_1529676662396","context":{"term_insurance":"#term_insurance"},"metadata":null,"next_step":null,"conditions":"#term_insurance","event_name":"input","description":null,"dialog_node":"handler_8_1529676662396","previous_sibling":null},{"type":"event_handler","title":null,"output":{},"parent":"slot_14_1529731515030","context":{"term":"@term.literal"},"metadata":{},"next_step":null,"conditions":"@term.literal","event_name":"input","description":null,"dialog_node":"handler_15_1529731515030","previous_sibling":"handler_16_1529731515030"},{"type":"event_handler","title":null,"output":{"text":"Please enter a term ranging between 10 years to 35 years."},"parent":"slot_14_1529731515030","context":null,"metadata":{},"next_step":null,"conditions":null,"event_name":"focus","description":null,"dialog_node":"handler_16_1529731515030","previous_sibling":null},{"type":"event_handler","title":null,"output":{"text":"Please enter your gender"},"parent":"slot_2_1529680267168","context":null,"metadata":{},"next_step":null,"conditions":null,"event_name":"focus","description":null,"dialog_node":"handler_4_1529680267168","previous_sibling":"handler_3_1529680267168"},{"type":"event_handler","title":null,"output":null,"parent":"slot_2_1529680267168","context":{"gender":"@gender"},"metadata":null,"next_step":null,"conditions":"@gender","event_name":"input","description":null,"dialog_node":"handler_3_1529680267168","previous_sibling":null},{"type":"slot","title":null,"output":{},"parent":"node_29_1529680118610","context":null,"metadata":{},"variable":"$frequency","next_step":null,"conditions":null,"description":null,"dialog_node":"slot_3_1529730416496","previous_sibling":"slot_13_1529681413988"},{"type":"slot","title":null,"output":{},"parent":"node_29_1529680118610","context":null,"metadata":{},"variable":"$term","next_step":null,"conditions":null,"description":null,"dialog_node":"slot_14_1529731515030","previous_sibling":"slot_3_1529730416496"},{"type":"event_handler","title":null,"output":{"text":{"values":["Please tell me your gender.",""],"selection_policy":"sequential"}},"parent":"node_29_1529680118610","context":null,"metadata":{},"next_step":null,"conditions":null,"event_name":"focus","description":null,"dialog_node":"handler_1_1529680267134","previous_sibling":"slot_14_1529731515030"},{"type":"slot","title":null,"output":{},"parent":"node_29_1529680118610","context":null,"metadata":{},"variable":"$protection_type","next_step":null,"conditions":null,"description":null,"dialog_node":"slot_13_1529681413988","previous_sibling":"slot_2_1529680267168"},{"type":"slot","title":null,"output":null,"parent":"node_29_1529680118610","context":null,"metadata":null,"variable":"$gender","next_step":null,"conditions":null,"description":null,"dialog_node":"slot_2_1529680267168","previous_sibling":null},{"type":"slot","title":null,"output":{},"parent":"node_3_1529676028916","context":null,"metadata":{},"variable":"$annual_income","next_step":null,"conditions":null,"description":null,"dialog_node":"slot_18_1529679186670","previous_sibling":"slot_15_1529679100526"},{"type":"slot","title":null,"output":{},"parent":"node_3_1529676028916","context":null,"metadata":{},"variable":"$applicant_age","next_step":null,"conditions":null,"description":null,"dialog_node":"slot_15_1529679100526","previous_sibling":"slot_12_1529679009178"},{"type":"event_handler","title":null,"output":{"text":{"values":[]}},"parent":"node_3_1529676028916","context":null,"metadata":null,"next_step":null,"conditions":null,"event_name":"generic","description":null,"dialog_node":"handler_12_1529681209244","previous_sibling":"handler_11_1529681171318"},{"type":"event_handler","title":null,"output":{"text":{"values":["Please tell me your Name followed by Date Of Birth and Annual Income"],"selection_policy":"sequential"}},"parent":"node_3_1529676028916","context":null,"metadata":{},"next_step":null,"conditions":null,"event_name":"focus","description":null,"dialog_node":"handler_11_1529679009124","previous_sibling":"handler_12_1529681209244"},{"type":"slot","title":null,"output":{},"parent":"node_3_1529676028916","context":null,"metadata":{},"variable":"$applicant_name","next_step":null,"conditions":null,"description":null,"dialog_node":"slot_12_1529679009178","previous_sibling":"handler_11_1529679009124"},{"type":"event_handler","title":null,"output":{"text":{"values":[]}},"parent":"node_3_1529676028916","context":null,"metadata":null,"next_step":null,"conditions":null,"event_name":"generic","description":null,"dialog_node":"handler_11_1529681171318","previous_sibling":"node_29_1529680118610"},{"type":"frame","title":null,"output":{"text":{"values":["Your $frequency premium for $term years under the $protection_type plan is 67767 dollars. Do you want to try any other options or go ahead with buying this?"],"selection_policy":"sequential"}},"parent":"node_3_1529676028916","context":null,"metadata":{"fallback":"leave"},"next_step":null,"conditions":"@Response","description":null,"dialog_node":"node_29_1529680118610","digress_out":"allow_all","previous_sibling":null,"digress_out_slots":"allow_returning"},{"type":"standard","title":null,"output":{"text":{"values":["Have a good day."],"selection_policy":"sequential"}},"parent":null,"context":null,"metadata":{},"next_step":null,"conditions":"#General_Positive_Feedback","description":null,"dialog_node":"node_3_1529774008816","previous_sibling":"node_10_1491402306628"},{"type":"standard","title":null,"output":{},"parent":null,"context":null,"metadata":{},"next_step":null,"conditions":"#company_details || @insurance_company","digress_in":"returns","description":null,"dialog_node":"node_10_1491402306628","digress_out":"allow_all","previous_sibling":"node_1_1529729500780"},{"type":"standard","title":null,"output":{"text":{"values":["Fixed income refers to any type of investment under which the borrower or issuer is obliged to make payments of a fixed amount on a fixed schedule. For example, the borrower may have to pay interest at a fixed rate once a year, and to repay the principal amount on maturity."],"selection_policy":"sequential"}},"parent":null,"context":null,"metadata":{},"next_step":null,"conditions":"#Insurance_Policy_Inquiry && @protection_type:(Fixed Income Protection)","digress_in":"returns","description":null,"dialog_node":"node_2_1529730150944","digress_out":"allow_all","previous_sibling":"node_6_1529676597774"},{"type":"standard","title":null,"output":{"text":{"values":["On death during the Policy term, Sum Assured as a lump sum is paid to the nominee and the policy terminates."],"selection_policy":"sequential"}},"parent":null,"context":null,"metadata":{},"next_step":null,"conditions":"#Insurance_Policy_Inquiry && @protection_type:(basic life cover)","digress_in":"returns","description":null,"dialog_node":"node_1_1529729500780","digress_out":"allow_all","previous_sibling":"node_1_1529729686982"},{"type":"standard","title":null,"output":{"text":{"values":["Income Protection Insurance (IPI) is an insurance policy, available principally in Australia, Ireland, New Zealand, South Africa, and the United Kingdom, paying benefits to policyholders who are incapacitated and hence unable to work due to illness or accident."],"selection_policy":"sequential"}},"parent":null,"context":null,"metadata":{},"next_step":null,"conditions":"#Insurance_Policy_Inquiry && @protection_type:(Increasin Income Protection)","digress_in":"returns","description":null,"dialog_node":"node_1_1529729686982","digress_out":"allow_all","previous_sibling":"node_2_1529675884884"},{"type":"standard","title":null,"output":{"text":{"values":["Term life insurance or term assurance is life insurance that provides coverage at a fixed rate of payments for a limited period of time, the relevant term. After that period expires, coverage at the previous rate of premiums is no longer guaranteed and the client must either forgo coverage or potentially obtain further coverage with different payments or conditions."],"selection_policy":"sequential"}},"parent":null,"context":null,"metadata":{"fallback":"leave"},"next_step":null,"conditions":"#term_insurance && @details","digress_in":"returns","description":null,"dialog_node":"node_6_1529676597774","digress_out":"allow_all","previous_sibling":"node_1_1477482535266"},{"type":"standard","title":null,"output":{"text":{"values":["Ok Have a great day."],"selection_policy":"sequential"}},"parent":null,"context":null,"metadata":{},"next_step":null,"conditions":"#depart_greetings || #exiting","description":null,"dialog_node":"node_3_1529907741980","previous_sibling":"node_3_1529774008816"},{"type":"standard","title":"Term Insurance","output":{"text":{"values":["You have come to the right place We offer you a smart, affordable and convenient way to safeguard the future for you and your family. Can I ask you a couple of questions to come up with the best plan for you?"],"selection_policy":"sequential"}},"parent":null,"context":null,"metadata":{},"next_step":null,"conditions":"#term_insurance || #Insurance_Get_Quote","description":null,"dialog_node":"node_2_1529675884884","previous_sibling":"node_3_1477483112882"},{"type":"standard","title":null,"output":{"text":"Sorry, I could not understand your response. Please try again."},"parent":null,"context":null,"metadata":null,"next_step":{"behavior":"jump_to","selector":"body","dialog_node":"node_3_1477483112882"},"conditions":"anything_else","description":null,"dialog_node":"node_2_1477482550429","previous_sibling":"node_3_1529907741980"},{"type":"standard","title":null,"output":{"text":"Hi! How can I help you?"},"parent":null,"context":null,"metadata":null,"next_step":null,"conditions":"#welcome_greetings","description":null,"dialog_node":"node_3_1477483112882","previous_sibling":"node_2_1529730150944"},{"type":"standard","title":null,"output":{"text":"Hello. How can I help you?"},"parent":null,"context":null,"metadata":{},"next_step":null,"conditions":"conversation_start","description":null,"dialog_node":"node_1_1477482535266","previous_sibling":null}],"workspace_id":"115a7c3c-4569-4632-8261-60ea98d2f3cc","counterexamples":[{"text":"Tell me what is basic life cover"}],"system_settings":null,"learning_opt_out":false}